{
    "peliculas": [
        {
            "id": 103,
            "titulo": "'Breaker' Morant (1980)",
            "poster": "../static/imagenes/103.jpg",
            "director": "Beresford, Bruce",
            "a\u00f1o": "1980",
            "categoria": [
                "War",
                "History",
                "Drama"
            ],
            "actores": [
                {
                    "nombre": "Woodward, Edward",
                    "personaje": "Lt. Harry 'Breaker' Morant, Bushveldt Carbineers",
                    "foto": "../static/imagenes/704672.jpg"
                },
                {
                    "nombre": "Thompson, Jack (I)",
                    "personaje": "Maj. J.F. Thomas (defence attorney)",
                    "foto": "../static/imagenes/643659.jpg"
                },
                {
                    "nombre": "Waters, John (III)",
                    "personaje": "Capt. Alfred Taylor (Intelligence Officer, Bushveldt Carbineers)",
                    "foto": "../static/imagenes/685980.jpg"
                }
            ],
            "stock": [
                {
                    "st": 1
                },
                {
                    "st": 2
                },
                {
                    "st": 3
                },
                {
                    "st": 4
                },
                {
                    "st": 5
                },
                {
                    "st": 6
                },
                {
                    "st": 7
                },
                {
                    "st": 8
                },
                {
                    "st": 9
                },
                {
                    "st": 10
                },
                {
                    "st": 11
                },
                {
                    "st": 12
                },
                {
                    "st": 13
                },
                {
                    "st": 14
                }
            ],
            "precio": "13"
        },
        {
            "id": 147,
            "titulo": "'Crocodile' Dundee II (1988)",
            "poster": "../static/imagenes/147.jpg",
            "director": "Cornell, John (I)",
            "a\u00f1o": "1988",
            "categoria": [
                "Comedy",
                "Adventure",
                "Action"
            ],
            "actores": [
                {
                    "nombre": "Hogan, Paul (I)",
                    "personaje": "Michael J. 'Crocodile' Dundee",
                    "foto": "../static/imagenes/139544.jpg"
                },
                {
                    "nombre": "Kozlowski, Linda",
                    "personaje": "Sue Charlton",
                    "foto": "../static/imagenes/927905.jpg"
                },
                {
                    "nombre": "Meillon, John",
                    "personaje": "Walter Reilly",
                    "foto": "../static/imagenes/428221.jpg"
                }
            ],
            "stock": [
                {
                    "st": 1
                },
                {
                    "st": 2
                },
                {
                    "st": 3
                },
                {
                    "st": 4
                },
                {
                    "st": 5
                },
                {
                    "st": 6
                },
                {
                    "st": 7
                },
                {
                    "st": 8
                },
                {
                    "st": 9
                },
                {
                    "st": 10
                },
                {
                    "st": 11
                },
                {
                    "st": 12
                },
                {
                    "st": 13
                },
                {
                    "st": 14
                }
            ],
            "precio": "15"
        },
        {
            "id": 336,
            "titulo": "'Night, Mother (1986)",
            "poster": "../static/imagenes/336.jpg",
            "director": "Moore, Tom (II)",
            "a\u00f1o": "1986",
            "categoria": [
                "Drama"
            ],
            "actores": [
                {
                    "nombre": "Spacek, Sissy",
                    "personaje": "Jessie Cates",
                    "foto": "../static/imagenes/1085961.jpg"
                },
                {
                    "nombre": "Bancroft, Anne (I)",
                    "personaje": "Thelma Cates",
                    "foto": "../static/imagenes/742274.jpg"
                },
                {
                    "nombre": "Berke, Ed",
                    "personaje": "Dawson Cates",
                    "foto": "../static/imagenes/202550.jpg"
                }
            ],
            "stock": [
                {
                    "st": 1
                },
                {
                    "st": 2
                },
                {
                    "st": 3
                },
                {
                    "st": 4
                },
                {
                    "st": 5
                },
                {
                    "st": 6
                },
                {
                    "st": 7
                },
                {
                    "st": 8
                },
                {
                    "st": 9
                },
                {
                    "st": 10
                },
                {
                    "st": 11
                },
                {
                    "st": 12
                },
                {
                    "st": 13
                },
                {
                    "st": 14
                }
            ],
            "precio": "16"
        },
        {
            "id": 470,
            "titulo": "'Til There Was You (1997)",
            "poster": "../static/imagenes/470.jpg",
            "director": "Winant, Scott",
            "a\u00f1o": "1997",
            "categoria": [
                "Romance",
                "Comedy"
            ],
            "actores": [
                {
                    "nombre": "Plumpis, John",
                    "personaje": "Saul, Age 25",
                    "foto": "../static/imagenes/513216.jpg"
                },
                {
                    "nombre": "Moloney, Janel",
                    "personaje": "Beebee, Age 25",
                    "foto": "../static/imagenes/987764.jpg"
                },
                {
                    "nombre": "Zima, Yvonne",
                    "personaje": "Gwen, Age 7",
                    "foto": "../static/imagenes/1148796.jpg"
                }
            ],
            "stock": [
                {
                    "st": 1
                },
                {
                    "st": 2
                },
                {
                    "st": 3
                },
                {
                    "st": 4
                },
                {
                    "st": 5
                },
                {
                    "st": 6
                },
                {
                    "st": 7
                },
                {
                    "st": 8
                },
                {
                    "st": 9
                },
                {
                    "st": 10
                },
                {
                    "st": 11
                },
                {
                    "st": 12
                },
                {
                    "st": 13
                },
                {
                    "st": 14
                }
            ],
            "precio": "16"
        },
        {
            "id": 590,
            "titulo": "...And Justice for All (1979)",
            "poster": "../static/imagenes/590.jpg",
            "director": "Jewison, Norman",
            "a\u00f1o": "1979",
            "categoria": [
                "Thriller",
                "Drama",
                "Crime"
            ],
            "actores": [
                {
                    "nombre": "Pacino, Al",
                    "personaje": "Arthur Kirkland",
                    "foto": "../static/imagenes/488219.jpg"
                },
                {
                    "nombre": "Warden, Jack",
                    "personaje": "Judge Francis Rayford",
                    "foto": "../static/imagenes/684474.jpg"
                },
                {
                    "nombre": "Forsythe, John (I)",
                    "personaje": "Judge Henry T. Fleming",
                    "foto": "../static/imagenes/64718.jpg"
                }
            ],
            "stock": [
                {
                    "st": 1
                },
                {
                    "st": 2
                },
                {
                    "st": 3
                },
                {
                    "st": 4
                },
                {
                    "st": 5
                },
                {
                    "st": 6
                },
                {
                    "st": 7
                },
                {
                    "st": 8
                },
                {
                    "st": 9
                },
                {
                    "st": 10
                },
                {
                    "st": 11
                },
                {
                    "st": 12
                },
                {
                    "st": 13
                },
                {
                    "st": 14
                }
            ],
            "precio": "19"
        }
    ]
}